Gross Revenue,Net Revenue,Transaction Fees,Commission Fees,Shipping Fees,Refunds
1117,1027.6399999999999,33.51000000000001,55.849999999999994,0,0
